id,latitude,longitude,name,type,color
A32019,42.363796,-71.129164,175 N Harvard St,Blue Bike,282891
S32035,42.38032335,-71.10878613,191 Beacon St,Blue Bike,282891
S32023,42.38100143,-71.10402523,30 Dane St,Blue Bike,282891
M32026,42.370803,-71.104412,359 Broadway - Broadway at Fayette Street,Blue Bike,282891
M32054,42.37500235,-71.14871614,699 Mt Auburn St,Blue Bike,282891
B32060,42.34960945,-71.10391524,700 Commonwealth Ave.,Blue Bike,282891
M32060,42.38078817,-71.15412891,700 Huron Ave,Blue Bike,282891
M32064,42.36550729,-71.0801376,75 Binney St,Blue Bike,282891
M32058,42.3936,-71.143941,84 Cambridgepark Dr,Blue Bike,282891
C32065,42.29167943,-71.05726346,Adams St at Lonsdale St,Blue Bike,282891
A32032,42.3740832,-71.03274185,Airport T Stop - Bremen St at Brooks St,Blue Bike,282891
C32061,42.33664795,-71.0689446,Albany St at E. Brookline St,Blue Bike,282891
M32046,42.39558846,-71.14260614,Alewife MBTA at Steel Place,Blue Bike,282891
M32033,42.396105,-71.139459,Alewife Station at Russell Field,Blue Bike,282891
C32079,42.27881158,-71.11687703,American Legion Hwy at Canterbury St,Blue Bike,282891
M32059,42.3636929,-71.0875672,Ames St at Broadway,Blue Bike,282891
M32037,42.3625,-71.08822,Ames St at Main St,Blue Bike,282891
C32012,42.33047365,-71.05701685,Andrew T Stop - Dorchester Ave at Dexter St,Blue Bike,282891
B32004,42.35991176,-71.05142981,Aquarium T Stop - 200 Atlantic Ave,Blue Bike,282891
D32004,42.35533502,-71.05822917,Arch St at Franklin St,Blue Bike,282891
C32048,42.29266593,-71.12119539,Archdale Rd at Washington St,Blue Bike,282891
C32062,42.2856944,-71.0641389,Ashmont T Stop,Blue Bike,282891
S32018,42.39223284,-71.07746601,Assembly Square T,Blue Bike,282891
A32003,42.350406,-71.108279,B.U. Central - 725 Comm. Ave.,Blue Bike,282891
C32003,42.34807412,-71.07657015,Back Bay T Stop - Dartmouth St at Stuart St,Blue Bike,282891
S32007,42.39782213,-71.1060667,Ball Sq,Blue Bike,282891
B32055,42.3294633,-71.0901582,Bartlett St at John Elliot Sq,Blue Bike,282891
D32024,42.356052,-71.069849,Beacon St at Charles St,Blue Bike,282891
B32016,42.35082681,-71.08981088,Beacon St at Massachusetts Ave,Blue Bike,282891
K32002,42.3382668,-71.13894682,Beacon St at Tappan St,Blue Bike,282891
S32003,42.37842,-71.105668,Beacon St at Washington / Kirkland,Blue Bike,282891
C32059,42.28634589,-71.1367213,Belgrade Ave at Walworth St,Blue Bike,282891
A32028,42.38353252,-71.01619095,Bennington St at Byron St,Blue Bike,282891
A32039,42.38522394,-71.01063069,Bennington St at Constitution Beach,Blue Bike,282891
M32067,42.37207658,-71.08995434,Berkshire Street at Cambridge Street,Blue Bike,282891
M32027,42.36608797,-71.08633604,Binney St / Sixth St,Blue Bike,282891
D32050,42.36435589,-71.06959369,Blossom St at Charles St,Blue Bike,282891
C32044,42.27462067,-71.09372552,Blue Hill Ave at Almont St,Blue Bike,282891
B32057,42.31786021,-71.07798629,Blue Hill Ave at Southwood St,Blue Bike,282891
B32008,42.35892,-71.057629,Boston City Hall - 28 State St,Blue Bike,282891
D32018,42.34776345,-71.04535997,Boston Convention and Exhibition Center - Summer St at West Side Dr,Blue Bike,282891
A32036,42.37331213,-71.04102008,Boston East - 126 Border St,Blue Bike,282891
A32045,42.35656092,-71.14167538,Boston Landing,Blue Bike,282891
C32002,42.33639915,-71.07306711,Boston Medical Center - E Concord St at Harrison Ave,Blue Bike,282891
D32044,42.36254854,-71.05737358,Boston Public Market,Blue Bike,282891
B32031,42.30785224,-71.06512249,Bowdoin St at Quincy St,Blue Bike,282891
D32007,42.3525878,-71.06764905,Boylston St at Arlington St,Blue Bike,282891
D32013,42.35114198,-71.07329249,Boylston St at Berkeley St,Blue Bike,282891
D32027,42.350413,-71.07655,Boylston St at Dartmouth St,Blue Bike,282891
D32046,42.34958942,-71.07946779,Boylston St at Exeter St,Blue Bike,282891
C32008,42.348762,-71.082383,Boylston St at Fairfield St,Blue Bike,282891
B32034,42.34465063,-71.09732501,Boylston St at Jersey St,Blue Bike,282891
B32018,42.347265,-71.088088,Boylston St at Massachusetts Ave,Blue Bike,282891
B32013,42.33462893,-71.10407918,Brigham Circle - Francis St at Huntington Ave,Blue Bike,282891
D32028,42.34894857,-71.15027189,Brighton Center - Washington St at Cambridge St,Blue Bike,282891
A32005,42.36154571,-71.13776207,Brighton Mills - 370 Western Ave,Blue Bike,282891
V32011,42.3983606,-71.06373843,Broadway at Beacham St,Blue Bike,282891
S32016,42.3951715,-71.09850592,Broadway at Central St,Blue Bike,282891
V32004,42.39648358,-71.0654676,Broadway at Lynde St,Blue Bike,282891
V32008,42.41034691,-71.05260458,Broadway at Maple St,Blue Bike,282891
S32014,42.38614141,-71.0782814,Broadway St at Mt Pleasant St,Blue Bike,282891
C32053,42.34278116,-71.05747275,Broadway T Stop,Blue Bike,282891
K32005,42.33376473,-71.12046447,Brookline Town Hall,Blue Bike,282891
K32003,42.33274392,-71.11626681,Brookline Village - Station Street at MBTA,Blue Bike,282891
A32023,42.37408991,-71.06905997,Bunker Hill Community College,Blue Bike,282891
B32020,42.345733,-71.100694,Burlington Ave at Brookline Ave,Blue Bike,282891
M32052,42.37119728,-71.09759867,Cambridge Dept. of Public Works -147 Hampshire St.,Blue Bike,282891
M32013,42.373379,-71.111075,Cambridge Main Library at Broadway / Trowbridge St,Blue Bike,282891
M32007,42.372969,-71.094445,Cambridge St - at Columbia St / Webster Ave,Blue Bike,282891
D32000,42.36121165,-71.0653062,Cambridge St at Joy St,Blue Bike,282891
M32019,42.366981,-71.076472,CambridgeSide Galleria - CambridgeSide PL at Land Blvd,Blue Bike,282891
C32088,42.27094707,-71.07337901,Central Ave at River St,Blue Bike,282891
M32012,42.366426,-71.105495,Central Sq Post Office / Cambridge City Hall at Mass Ave / Pleasant St,Blue Bike,282891
M32011,42.36507,-71.1031,Central Square at Mass Ave / Essex St,Blue Bike,282891
A32041,42.37544913,-71.03918549,Central Square East Boston,Blue Bike,282891
C32086,42.28277901,-71.15728851,Centre St at Parkway YMCA,Blue Bike,282891
E32008,42.3121203,-71.1142981,Centre St at Seaverns Ave,Blue Bike,282891
C32085,42.28633199,-71.15344755,Centre St at W. Roxbury Post Office,Blue Bike,282891
D32016,42.36079297,-71.07118962,Charles Circle - Charles St at Cambridge St,Blue Bike,282891
D32051,42.3587253,-71.07079532,Charles St at Pinckney St,Blue Bike,282891
D32039,42.37412455,-71.054812,Charlestown Navy Yard,Blue Bike,282891
A32027,42.379772,-71.027448,Chelsea St at Saratoga St,Blue Bike,282891
V32009,42.40328057,-71.0476264,Chelsea St at Vine St,Blue Bike,282891
M32049,42.37150494,-71.07249312,Child St at North St,Blue Bike,282891
D32015,42.351356,-71.059367,Chinatown Gate Plaza,Blue Bike,282891
D32019,42.352409,-71.062679,Chinatown T Stop,Blue Bike,282891
B32005,42.34366582,-71.08582377,Christian Science Plaza - Massachusetts Ave at Westland Ave,Blue Bike,282891
S32010,42.406302,-71.132446,Clarendon Hill at Broadway,Blue Bike,282891
D32047,42.35155308,-71.07569031,Clarendon St at Newbury St,Blue Bike,282891
B32035,42.33554308,-71.1506152,Cleveland Circle,Blue Bike,282891
C32055,42.2873611,-71.071111,Codman Square Library,Blue Bike,282891
B32006,42.34011512,-71.10061884,Colleges of the Fenway - Fenway at Avenue Louis Pasteur,Blue Bike,282891
B32029,42.309572,-71.0729,Columbia Rd at Ceylon St,Blue Bike,282891
C32052,42.33023071,-71.05060093,Columbia Rd at Tierney Community Center,Blue Bike,282891
C32077,42.34474225,-71.07648162,Columbus Ave at W. Canton St,Blue Bike,282891
A32002,42.35169202,-71.11903489,Commonwealth Ave at Agganis Way,Blue Bike,282891
K32006,42.35154735,-71.12126246,Commonwealth Ave At Babcock St,Blue Bike,282891
D32033,42.34024645,-71.15168806,Commonwealth Ave at Chiswick Rd,Blue Bike,282891
A32017,42.34922469,-71.13275303,Commonwealth Ave at Griggs St,Blue Bike,282891
D32034,42.34835863,-71.13997217,Commonwealth Ave at Kelton St,Blue Bike,282891
S32022,42.39407224,-71.11133695,Community Path at Cedar Street,Blue Bike,282891
D32009,42.36041775,-71.05752244,Congress St at Boston City Hall,Blue Bike,282891
C32032,42.3481,-71.03764,Congress St at Northern Ave,Blue Bike,282891
C32010,42.3510045,-71.04930013,Congress St at Sleeper St,Blue Bike,282891
S32004,42.383405,-71.107593,Conway Park - Somerville Avenue,Blue Bike,282891
K32001,42.341598,-71.123338,Coolidge Corner - Beacon St at Centre St,Blue Bike,282891
D32005,42.34992828,-71.07739207,Copley Square - Dartmouth St at Boylston St,Blue Bike,282891
S32037,42.38363402,-71.10855814,Craigie at Summer St,Blue Bike,282891
D32010,42.362811,-71.056067,Cross St at Hanover St,Blue Bike,282891
E32001,42.309054,-71.11543,Curtis Hall - South St at Centre St,Blue Bike,282891
K32009,42.32784317,-71.12536222,Cypress St at Clark Playground,Blue Bike,282891
M32030,42.36178044,-71.10809952,Dana Park,Blue Bike,282891
M32031,42.388966,-71.132788,Danehy Park,Blue Bike,282891
D32045,42.35096144,-71.07782811,Dartmouth St at Newbury St,Blue Bike,282891
S32006,42.396969,-71.123024,Davis Square,Blue Bike,282891
B32037,42.34924377,-71.0972821,Deerfield St at Commonwealth Ave,Blue Bike,282891
M32066,42.39790817,-71.14797131,Discovery Park - 30 Acorn Park Drive,Blue Bike,282891
C32009,42.34404051,-71.05737627,Dorchester Ave at Gillette Park,Blue Bike,282891
C32066,42.29175622,-71.0625918,Dorchester Ave at King St,Blue Bike,282891
B32017,42.32984299,-71.08386572,Dudley Square - Bolling Building,Blue Bike,282891
C32015,42.325333,-71.075354,Dudley Town Common - Mt Pleasant Ave at Blue Hill Ave,Blue Bike,282891
C32018,42.320561,-71.06198,E Cottage St at Columbia Rd,Blue Bike,282891
A32031,42.369536,-71.039431,East Boston Neighborhood Health Center - 20 Maverick Square,Blue Bike,282891
S32017,42.38762811,-71.08318716,East Somerville Library (Broadway and Illinois),Blue Bike,282891
S32038,42.38717463,-71.08714389,Edgerly Education Center,Blue Bike,282891
A32022,42.378965,-71.068607,Edwards Playground - Main St at Eden St,Blue Bike,282891
M32034,42.369885,-71.069957,EF - North Point Park,Blue Bike,282891
E32004,42.315692,-71.098634,Egleston Square - Atherton St at Washington St,Blue Bike,282891
S32039,42.38952436,-71.1169414,Elm St at White St,Blue Bike,282891
V32005,42.39329263,-71.0724476,Encore,Blue Bike,282891
V32003,42.40725945,-71.05546381,Everett Square (Broadway at Chelsea St),Blue Bike,282891
A32000,42.35339051,-71.0445714,Fan Pier,Blue Bike,282891
A32038,42.35276621,-71.15988486,Faneuil St at Arlington St,Blue Bike,282891
C32051,42.3334,-71.02495,Farragut Rd at E. 6th St,Blue Bike,282891
V32007,42.41250451,-71.05842225,Ferry St at Pleasantview Ave,Blue Bike,282891
C32041,42.2996667,-71.0605833,Fields Corner T Stop,Blue Bike,282891
E32010,42.300923,-71.114249,Forest Hills,Blue Bike,282891
S32015,42.39108438,-71.09039426,Foss Park,Blue Bike,282891
C32037,42.30412793,-71.07929528,Four Corners - 157 Washington St,Blue Bike,282891
C32027,42.309796,-71.092225,Franklin Park - Seaver St at Humbolt Ave,Blue Bike,282891
C32030,42.303469,-71.085347,Franklin Park Zoo - Franklin Park Rd at Blue Hill Ave,Blue Bike,282891
M32051,42.38267828,-71.14347895,Fresh Pond Reservation,Blue Bike,282891
C32040,42.28297568,-71.05466698,Gallivan Blvd at Adams St,Blue Bike,282891
C32090,42.31886468,-71.04536798,Geiger Gibson Community Health Center,Blue Bike,282891
V32006,42.41427294,-71.04479656,Glendale Square (Ferry St at Broadway),Blue Bike,282891
A32034,42.38240378,-71.03024304,Glendon St at Condor St,Blue Bike,282891
B32032,42.35980252,-71.05960783,Government Center - Cambridge St at Court St,Blue Bike,282891
E32005,42.310579,-71.107341,Green Street T Stop - Green St at Amory St,Blue Bike,282891
B32028,42.30791,-71.080952,Grove Hall Library - 41 Geneva Ave,Blue Bike,282891
S32019,42.39638681,-71.12011306,Grove St at Community Path,Blue Bike,282891
D32043,42.3494261,-71.0620996,Harrison Ave at Bennet St,Blue Bike,282891
C32057,42.34521562,-71.06384031,Harrison Ave at Mullins Way,Blue Bike,282891
D32035,42.34953017,-71.13022771,Harvard Ave at Brainerd Rd,Blue Bike,282891
M32016,42.3722168,-71.12188071,Harvard Kennedy School at Bennett St / Eliot St,Blue Bike,282891
M32020,42.379011,-71.119945,Harvard Law School at Mass Ave / Jarvis St,Blue Bike,282891
M32017,42.373231,-71.120886,Harvard Square at Brattle St / Eliot St,Blue Bike,282891
M32018,42.373268,-71.118579,Harvard Square at Mass Ave/ Dunster,Blue Bike,282891
M32055,42.36599433,-71.09522222,Harvard St at Greene-Rose Heritage Park,Blue Bike,282891
M32023,42.377945,-71.116865,Harvard University / SEAS Cruft-Pierce Halls at 29 Oxford St,Blue Bike,282891
M32021,42.376369,-71.114025,Harvard University Gund Hall at Quincy St / Kirkland St,Blue Bike,282891
M32014,42.366621,-71.114214,Harvard University Housing - 115 Putnam Ave at Peabody Terrace,Blue Bike,282891
M32024,42.380287,-71.125107,Harvard University Radcliffe Quadrangle at Shepard St / Garden St,Blue Bike,282891
M32038,42.36919032,-71.11714125,Harvard University River Houses at DeWolfe St / Cowperthwaite St,Blue Bike,282891
D32026,42.377022,-71.056605,Hayes Square - Vine St at Moulton St,Blue Bike,282891
K32010,42.32538436,-71.12177596,High St at Cypress St,Blue Bike,282891
B32003,42.33741748,-71.10286117,HMS/HSPH - Avenue Louis Pasteur at Longwood Ave,Blue Bike,282891
A32040,42.3602737,-71.12852452,Honan Library,Blue Bike,282891
B32033,42.33658555,-71.09886996,Huntington Ave at Mass Art,Blue Bike,282891
M32044,42.38165061,-71.13426982,Huron Ave At Vassal Lane,Blue Bike,282891
C32089,42.29606705,-71.116012,Hyde Park Ave at Walk Hill St,Blue Bike,282891
E32003,42.32176526,-71.10984161,Hyde Square - Barbara St at Centre St,Blue Bike,282891
C32020,42.344827,-71.028664,ID Building East,Blue Bike,282891
C32021,42.344796,-71.031614,ID Building West,Blue Bike,282891
C32025,42.345901,-71.063187,Ink Block - Harrison Ave at Herald St,Blue Bike,282891
M32062,42.37438409,-71.10015746,Inman Square at Springfield St.,Blue Bike,282891
A32011,42.36314499,-71.12298574,Innovation Lab - 125 Western Ave at Batten Way,Blue Bike,282891
E32006,42.32293117,-71.10014141,Jackson Square T Stop,Blue Bike,282891
D32052,42.30604563,-71.11570891,Jamaica St at South St,Blue Bike,282891
K32004,42.346563,-71.128374,JFK Crossing at Harvard St. / Thorndike St.,Blue Bike,282891
C32013,42.32033974,-71.05118036,JFK/UMass T Stop,Blue Bike,282891
M32032,42.36356016,-71.08216792,Kendall Street,Blue Bike,282891
M32004,42.36242784,-71.08495474,Kendall T,Blue Bike,282891
B32010,42.348706,-71.097009,Kenmore Square,Blue Bike,282891
M32065,42.36955298,-71.08579015,Kennedy-Longfellow School 158 Spring St,Blue Bike,282891
M32009,42.36346469,-71.10057324,Lafayette Square at Mass Ave / Main St / Columbia St,Blue Bike,282891
B32058,42.34734473,-71.10016808,Lansdowne T Stop,Blue Bike,282891
M32001,42.370677,-71.076529,Lechmere Station at Cambridge St / First St,Blue Bike,282891
M32039,42.38674802,-71.11901879,Lesley University,Blue Bike,282891
D32006,42.363871,-71.050877,Lewis Wharf at Atlantic Ave,Blue Bike,282891
M32025,42.397828,-71.130516,Linear Park - Mass. Ave. at Cameron Ave. ,Blue Bike,282891
A32004,42.338629,-71.1065,Longwood Ave at Binney St,Blue Bike,282891
M32022,42.3572185,-71.11387163,Lower Cambridgeport at Magazine St / Riverside Rd,Blue Bike,282891
S32013,42.398365,-71.107818,Magoun Square at Trum Field,Blue Bike,282891
D32020,42.375603,-71.064608,Main St at Austin St,Blue Bike,282891
D32036,42.380857,-71.070629,Main St at Baldwin St,Blue Bike,282891
V32010,42.40933007,-71.06381878,Main St at Beacon St,Blue Bike,282891
D32038,42.37487847,-71.06383499,Main St at Thompson Sq,Blue Bike,282891
V32002,42.40413,-71.0613,Main Street at Carter Street,Blue Bike,282891
K32012,42.33978053,-71.1213335,Marion St at Harvard St,Blue Bike,282891
M32061,42.36135838,-71.09670274,Mass Ave at Albany St,Blue Bike,282891
M32056,42.39120972,-71.12260755,Mass Ave at Hadley/Walden,Blue Bike,282891
C32063,42.34135616,-71.08336953,Mass Ave T Station,Blue Bike,282891
C32004,42.34054262,-71.08138848,Massachusetts Ave at Columbus Ave,Blue Bike,282891
C32050,42.2773889,-71.09325,Mattapan Library,Blue Bike,282891
C32045,42.267902,-71.093641,Mattapan T Stop,Blue Bike,282891
A32030,42.36884408,-71.03977829,Maverick Square - Lewis Mall,Blue Bike,282891
A32044,42.36774122,-71.03335975,Maverick St at Massport Path,Blue Bike,282891
D32037,42.38042947,-71.06055722,Medford St at Charlestown BCYF,Blue Bike,282891
M32006,42.3581,-71.093198,MIT at Mass Ave / Amherst St,Blue Bike,282891
M32041,42.3595732,-71.10129476,MIT Pacific St at Purrington St,Blue Bike,282891
M32005,42.36213123,-71.09115601,MIT Stata Center at Vassar St / Main St,Blue Bike,282891
M32042,42.35560121,-71.10394478,MIT Vassar St,Blue Bike,282891
B32023,42.32143814,-71.09126061,MLK Blvd at Washington St,Blue Bike,282891
C23045,42.28072514,-71.08617242,Morton St T,Blue Bike,282891
M32043,42.37478629,-71.13320231,Mt Auburn,Blue Bike,282891
C32080,42.28484472,-71.11874517,Mt. Hope St at Hyde Park Ave,Blue Bike,282891
D32017,42.35553628,-71.0728687,Mugar Way at Beacon St,Blue Bike,282891
C32023,42.336448,-71.023739,Murphy Skating Rink - 1880 Day Blvd,Blue Bike,282891
M32045,42.36769018,-71.07116282,Museum of Science,Blue Bike,282891
A32025,42.365673,-71.064263,Nashua Street at Red Auerbach Way,Blue Bike,282891
B32027,42.316902,-71.091946,NCAAA - Walnut Ave at Crawford St,Blue Bike,282891
D32001,42.35732922,-71.1467354,New Balance - 20 Guest St,Blue Bike,282891
B32000,42.348717,-71.085954,Newbury St at Hereford St,Blue Bike,282891
C32022,42.326599,-71.066498,Newmarket Square T Stop - Massachusetts Ave at Newmarket Square,Blue Bike,282891
V32001,42.40985878,-71.06631868,Norman St at Kelvin St,Blue Bike,282891
C32078,42.29118035,-71.11773666,Northbourne Rd at Hyde Park Ave,Blue Bike,282891
B32012,42.341814,-71.090179,Northeastern University - North Parking Lot,Blue Bike,282891
D32031,42.35057,-71.166491,Oak Square - 615 Washington St,Blue Bike,282891
B32036,42.3339227,-71.10446509,One Brigham Circle,Blue Bike,282891
M32003,42.36224179,-71.08311072,One Broadway / Kendall Sq at Main St / 3rd St,Blue Bike,282891
M32002,42.366277,-71.09169,One Kendall Square at Hampshire St / Portland St,Blue Bike,282891
M32053,42.36161932,-71.08043551,One Memorial Drive,Blue Bike,282891
A32035,42.386781,-71.006098,Orient Heights T Stop - Bennington St at Saratoga St,Blue Bike,282891
S32009,42.40449,-71.123413,Packard Ave at Powderhouse Blvd,Blue Bike,282891
A32012,42.352261,-71.123831,Packard's Corner - Commonwealth Ave at Brighton Ave,Blue Bike,282891
A32008,42.347241,-71.105301,Park Dr at Buswell St,Blue Bike,282891
D32042,42.35182807,-71.06781138,Park Plaza at Charles St S.,Blue Bike,282891
C32039,42.2944167,-71.0783056,Park St at Norwell St,Blue Bike,282891
S32034,42.37927325,-71.10341903,Perry Park,Blue Bike,282891
A32029,42.36489293,-71.03497177,Piers Park,Blue Bike,282891
M32029,42.387995,-71.119084,Porter Square Station,Blue Bike,282891
D32012,42.35585436,-71.05459746,Post Office Square,Blue Bike,282891
S32008,42.400877,-71.116772,Powder House Circle - Nathan Tufts Park,Blue Bike,282891
C32007,42.34652004,-71.08065777,Prudential Center - 101 Huntington Ave,Blue Bike,282891
A32026,42.354659,-71.053181,Purchase St at Pearl St,Blue Bike,282891
M32036,42.392766,-71.129042,Rindge Avenue - O'Neill Library,Blue Bike,282891
C32058,42.34827839,-71.08044855,Ring Rd,Blue Bike,282891
M32035,42.36575798,-71.07699394,Rogers St & Land Blvd,Blue Bike,282891
C32047,42.287072,-71.127754,Roslindale Village - South St,Blue Bike,282891
C32046,42.28630716,-71.12820532,Roslindale Village - Washington St,Blue Bike,282891
D32008,42.357143,-71.050699,Rowes Wharf at Atlantic Ave,Blue Bike,282891
C32001,42.331184,-71.095171,Roxbury Crossing T Stop - Columbus Ave at Tremont St,Blue Bike,282891
B32022,42.31787329,-71.08243078,Roxbury YMCA - Warren St at MLK Blvd,Blue Bike,282891
B32002,42.33624445,-71.08798563,Ruggles T Stop - Columbus Ave at Melnea Cass Blvd,Blue Bike,282891
C32031,42.317642,-71.056664,Ryan Playground - Dorchester Ave at Harbor View St,Blue Bike,282891
E32007,42.32760387,-71.1108917,S Huntington Ave at Heath St,Blue Bike,282891
C32033,42.3106,-71.0539,Savin Hill T Stop - S Sydney St at Bay St,Blue Bike,282891
C32036,42.35317809,-71.04817357,Seaport Blvd at Sleeper St,Blue Bike,282891
B32014,42.34881026,-71.04167744,Seaport Hotel - Congress St at Seaport Ln,Blue Bike,282891
B32007,42.35148193,-71.04436085,Seaport Square - Seaport Blvd at Northern Ave,Blue Bike,282891
M32063,42.36860524,-71.09930186,Sennott Park  Broadway at Norfolk Street,Blue Bike,282891
D32048,42.34854543,-71.06559185,Shawmut Ave at Oak St W,Blue Bike,282891
E32009,42.292917,-71.06575,Shawmut T Stop,Blue Bike,282891
M32047,42.35775309,-71.10393405,Sidney Research Campus/ Erie Street at Waverly,Blue Bike,282891
D32032,42.349496,-71.10057592,Silber Way,Blue Bike,282891
A32006,42.36426344,-71.1182757,Soldiers Field Park - 111 Western Ave,Blue Bike,282891
S32001,42.386844,-71.09812,Somerville City Hall,Blue Bike,282891
S32036,42.39189812,-71.09745376,Somerville City Hall Annex,Blue Bike,282891
S32020,42.39678589,-71.10237297,Somerville Hospital,Blue Bike,282891
C32017,42.335741,-71.03877,South Boston Library - 646 E Broadway,Blue Bike,282891
A32009,42.341332,-71.076847,South End Library - Tremont St at W Newton St,Blue Bike,282891
A32010,42.352175,-71.055547,South Station - 700 Atlantic Ave,Blue Bike,282891
D32023,42.378338,-71.048927,Spaulding Rehabilitation Hospital - Charlestown Navy Yard,Blue Bike,282891
C32087,42.27748444,-71.16341468,Spring St at Powell St,Blue Bike,282891
K32007,42.34619708,-71.10728681,St Mary's,Blue Bike,282891
C32024,42.344137,-71.052608,State Street at Channel Center,Blue Bike,282891
D32041,42.316966,-71.104374,Stony Brook T Stop,Blue Bike,282891
D32049,42.34954403,-71.07242074,Stuart St at Berkeley St,Blue Bike,282891
D32011,42.351146,-71.066289,Stuart St at Charles St,Blue Bike,282891
D32053,42.38445226,-71.07514855,Sullivan Square,Blue Bike,282891
A32013,42.358155,-71.052163,Surface Rd at India St,Blue Bike,282891
A32042,42.3529457,-71.05656401,Surface Rd at Summer St,Blue Bike,282891
C32064,42.32039374,-71.05355408,Sydney St at Carson St,Blue Bike,282891
C32043,42.2945833,-71.087111,Talbot Ave At Blue Hill Ave,Blue Bike,282891
K32008,42.33209606,-71.12845883,Tappan St at Brookline Hills MBTA,Blue Bike,282891
S32011,42.40203828,-71.12653291,Teele Square,Blue Bike,282891
E32011,42.31930943,-71.09639924,The Dimock Center,Blue Bike,282891
A32033,42.370744,-71.044201,The Eddy - New St at Sumner St,Blue Bike,282891
C32028,42.344792,-71.044024,The Lawn on D,Blue Bike,282891
C32049,42.28621295,-71.07942931,Thetford Ave at Norfolk St,Blue Bike,282891
M32048,42.36544486,-71.08277142,Third at Binney,Blue Bike,282891
C32000,42.345392,-71.069616,Tremont St at E Berkeley St,Blue Bike,282891
B32056,42.35668335,-71.06166646,Tremont St at Hamilton Pl,Blue Bike,282891
C32056,42.3388956,-71.08149976,Tremont St at Northampton St,Blue Bike,282891
C32060,42.34254914,-71.07421449,Tremont St at W. Dedham St,Blue Bike,282891
D32014,42.354979,-71.063348,Tremont St at West St,Blue Bike,282891
C32035,42.343749,-71.062256,Troy Boston,Blue Bike,282891
A32001,42.353334,-71.137313,Union Square - Brighton Ave at Cambridge St,Blue Bike,282891
S32002,42.37967448,-71.09391324,Union Square - Somerville,Blue Bike,282891
C32014,42.31218918,-71.03648586,University of Massachusetts Boston - Campus Center,Blue Bike,282891
M32040,42.36264779,-71.10006094,University Park,Blue Bike,282891
C32019,42.31727474,-71.06537004,Uphams Corner,Blue Bike,282891
B32025,42.31869734,-71.06978148,Uphams Corner T Stop - Magnolia St at Dudley St,Blue Bike,282891
M32057,42.38393225,-71.13961272,Vassal Lane at Tobin/VLUS,Blue Bike,282891
M32050,42.37250865,-71.11305356,Verizon Innovation Hub 10 Ware Street,Blue Bike,282891
C32029,42.3391085,-71.0514432,W Broadway at D St,Blue Bike,282891
C32016,42.33595898,-71.046229,W Broadway at Dorchester St,Blue Bike,282891
B32030,42.324081,-71.083235,Walnut Ave at Warren St,Blue Bike,282891
D32021,42.371848,-71.060292,Warren St at Chelsea St,Blue Bike,282891
C32042,42.29916498,-71.07345872,Washington St at Bradlee St,Blue Bike,282891
D32029,42.34895285,-71.16031677,Washington St at Brock St,Blue Bike,282891
C32081,42.28072815,-71.13423757,Washington St at Denton Terr,Blue Bike,282891
A32037,42.34286835,-71.14127841,Washington St at Egremont Rd,Blue Bike,282891
C32084,42.28198628,-71.07147925,Washington St at Fuller St,Blue Bike,282891
K32011,42.33833424,-71.1305093,Washington St at Griggs Rd,Blue Bike,282891
C32005,42.33509899,-71.07903779,Washington St at Lenox St,Blue Bike,282891
B32026,42.332817,-71.081198,Washington St at Melnea Cass Blvd,Blue Bike,282891
S32021,42.380998,-71.08721308,Washington St at Myrtle St,Blue Bike,282891
C32067,42.34303291,-71.0668873,Washington St at Peters Park,Blue Bike,282891
C32006,42.3385146,-71.07404083,Washington St at Rutland St,Blue Bike,282891
C32038,42.290333,-71.071806,Washington St at Talbot Ave,Blue Bike,282891
C32083,42.2771947,-71.06955614,Washington St at Walsh Playground,Blue Bike,282891
D32002,42.34155985,-71.06886953,Washington St at Waltham St,Blue Bike,282891
C32034,42.351586,-71.04569256,Watermark Seaport - Boston Wharf Rd at Seaport Blvd,Blue Bike,282891
B32021,42.33758601,-71.09627098,Wentworth Institute of Technology - Huntington Ave at Vancouver St,Blue Bike,282891
D32022,42.36590788,-71.06446669,West End Park,Blue Bike,282891
A32043,42.36178741,-71.14393111,Western Ave at Richardson St,Blue Bike,282891
B32059,42.33286288,-71.09218862,Whittier St Health Center,Blue Bike,282891
D32040,42.306539,-71.107669,Williams St at Washington St,Blue Bike,282891
S32005,42.38567579,-71.11412136,Wilson Square,Blue Bike,282891
MS_1,42.37143,-71.0377,Dante Alighieri Montessori School,Boston Public Middle Schools,32a840
MS-2,42.309071,-71.075409,Lilla G. Frederick Pilot Middle School,Boston Public Middle Schools,32a841
MS_3,42.3476,-71.06388,Josiah Quincy Upper School,Boston Public Middle Schools,32a842
MS-4,42.35028,-71.14535,Boston Green Academy,Boston Public Middle Schools,32a843
MS_5,42.281239,-71.069659,Dr. William W. henderson Inclusion School,Boston Public Middle Schools,32a844
MS_6,42.284775,-71.076146,TechBoston Academy,Boston Public Middle Schools,32a845
MS_7,42.326519,-71.080737,Dearborn STEM Academy,Boston Public Middle Schools,32a846
MS_8,42.283742,-71.125056,Washington Irving Middle School,Boston Public Middle Schools,32a847
MS_9,42.330952,-71.091057,Timilty Middle School,Boston Public Middle Schools,32a848
MS_10,42.379365,-71.067274,Clarence R. Edwards Middle School,Boston Public Middle Schools,32a849
MS_11,42.318088,-71.043119,John W. McCormack Middle School,Boston Public Middle Schools,32a850
MS_12,42.33386,-71.050698,UP Academy Boston,Boston Public Middle Schools,32a851
1,42.300022,-71.106033,Lemuel Shattuck Hospital,Hospital,a83232
2,42.339726,-71.10678,Beth Israel Deaconess Medical Center East Cam,Hospital,a83233
3,42.318569,-71.092712,Jewish Memorial Hospital,Hospital,a83234
4,42.329944,-71.107615,New England Baptist Hospital,Hospital,a83235
5,42.2713,-71.081888,Boston Specialty & Rehabilitation Hospital,Hospital,a83236
6,42.336883,-71.072029,Boston Medical Center,Hospital,a83237
7,42.329944,-71.107615,Va Hospital,Hospital,a83238
8,42.361888,-71.071597,Massachusetts Eye & Ear Infirmary,Hospital,a83239
9,42.344524,-71.143257,Kindred Hospital,Hospital,a83240
10,42.33611,-71.108736,Brigham And Women's Hospital,Hospital,a83241
11,42.278793,-71.0667,Carney Hospital,Hospital,a83242
12,42.349919,-71.064105,New England Medical Center,Hospital,a83243
13,42.300951,-71.127683,Faulkner Hospital,Hospital,a83244
14,42.349484,-71.148694,St. Elizabeth's Hospital,Hospital,a83245
16,42.363078,-71.06778,Shriners Burns Institute,Hospital,a83247
17,42.337397,-71.105364,Children's Hospital,Hospital,a83248
18,42.3162,-71.112946,Arbour Hospital,Hospital,a83249
20,42.313434,-71.063289,St. Margaret's Hospital For Women,Hospital,a83251
21,42.365851,-71.064181,Spaulding Rehabilitation Hospital,Hospital,a83252
22,42.349686,-71.145444,Franciscan Children's  Hospital,Hospital,a83253
23,42.338267,-71.110396,Beth Israel Deaconess Medical Center West Cam,Hospital,a83254
24,42.337085,-71.108031,Dana-farber Cancer Institute,Hospital,a83255
25,42.362495,-71.070473,Massachusetts General Hospital,Hospital,a83256
26,42.335459,-71.074854,Boston City Hospital,Hospital,a83257
72001,42.395428,-71.142483,Alewife,MBTA Station,42bff5
70127,42.348546,-71.137362,Allston Street,MBTA Station,42bff5
70084,42.330154,-71.057655,Andrew,MBTA Station,42bff5
70048,42.374262,-71.030395,Airport,MBTA Station,42bff5
70044,42.359784,-71.051652,Aquarium,MBTA Station,42bff5
70157,42.351902,-71.070893,Arlington,MBTA Station,42bff5
70261,42.284095,-71.063302,Ashmont,MBTA Station,42bff5
70279,42.392811,-71.077257,Assembly,MBTA Station,42bff5
70137,42.351903,-71.122042,Babcock Street,MBTA Station,42bff5
70015,42.34735,-71.075727,Back Bay,MBTA Station,42bff5
70257,42.329369,-71.111046,Back of the Hill,MBTA Station,42bff5
70177,42.335848,-71.140826,Beaconsfield,MBTA Station,42bff5
70230,42.339519,-71.134587,Washington Square,MBTA Station,42bff5
70149,42.349276,-71.100213,Blandford Street,MBTA Station,42bff5
70056,42.397542,-70.992319,Beachmont,MBTA Station,42bff5
70226,42.340038,-71.12866,Brandon Hall,MBTA Station,42bff5
70838,42.361365,-71.062037,Bowdoin,MBTA Station,42bff5
70159,42.353214,-71.064545,Boylston,MBTA Station,42bff5
70082,42.342622,-71.056967,Broadway,MBTA Station,42bff5
70135,42.351651,-71.12551,Packards Corner,MBTA Station,42bff5
70179,42.331333,-71.126998,Brookline Hills,MBTA Station,42bff5
70250,42.334846,-71.103017,Brigham Circle,MBTA Station,42bff5
702999,42.207481,-71.00164,Braintree,MBTA Station,42bff5
70145,42.350148,-71.107455,Boston University Central,MBTA Station,42bff5
70147,42.349811,-71.104657,Boston University East,MBTA Station,42bff5
70266,42.272291,-71.0625,Butler,MBTA Station,42bff5
70143,42.350894,-71.113645,Boston University West,MBTA Station,42bff5
70181,42.332871,-71.116263,Brookline Village,MBTA Station,42bff5
70274,42.267562,-71.087428,Capen Street,MBTA Station,42bff5
70029,42.373622,-71.069533,Community College,MBTA Station,42bff5
70264,42.279692,-71.060382,Cedar Grove,MBTA Station,42bff5
70270,42.26997,-71.073308,Central Avenue,MBTA Station,42bff5
70173,42.326654,-71.165316,Chestnut Hill,MBTA Station,42bff5
70113,42.33829,-71.153025,Chestnut Hill Avenue,MBTA Station,42bff5
70074,42.361166,-71.070628,Charles/MGH,MBTA Station,42bff5
70019,42.352547,-71.062752,Chinatown,MBTA Station,42bff5
70115,42.34054,-71.15114,Chiswick Road,MBTA Station,42bff5
70238,42.336252,-71.148774,Cleveland Circle,MBTA Station,42bff5
70070,42.365379,-71.103554,Central,MBTA Station,42bff5
70155,42.350126,-71.077376,Copley,MBTA Station,42bff5
70220,42.342028,-71.121685,Coolidge Corner,MBTA Station,42bff5
70064,42.39674,-71.121815,Davis,MBTA Station,42bff5
70234,42.337628,-71.142309,Dean Road,MBTA Station,42bff5
70078,42.355518,-71.060225,Downtown Crossing,MBTA Station,42bff5
70167,42.319024,-71.216711,Eliot,MBTA Station,42bff5
70236,42.337011,-71.145368,Englewood Avenue,MBTA Station,42bff5
70228,42.339644,-71.131078,Fairbanks Street,MBTA Station,42bff5
70252,42.333706,-71.105583,Fenwood Road,MBTA Station,42bff5
70187,42.345395,-71.10419,Fenway,MBTA Station,42bff5
70090,42.300093,-71.061667,Fields Corner,MBTA Station,42bff5
70001,42.300523,-71.113686,Forest Hills,MBTA Station,42bff5
70201,42.359705,-71.059215,Government Center,MBTA Station,42bff5
70129,42.348919,-71.134305,Griggs Street,MBTA Station,42bff5
70003,42.310525,-71.107414,Green Street,MBTA Station,42bff5
70204,42.363021,-71.05829,Haymarket,MBTA Station,42bff5
70068,42.373362,-71.118956,Harvard,MBTA Station,42bff5
70131,42.350602,-71.130727,Harvard Avenue,MBTA Station,42bff5
70260,42.328316,-71.110252,Heath Street,MBTA Station,42bff5
70214,42.344867,-71.111157,Hawes Street,MBTA Station,42bff5
70153,42.347888,-71.087903,Hynes Convention Center,MBTA Station,42bff5
70007,42.323132,-71.099592,Jackson Square,MBTA Station,42bff5
70096,42.320685,-71.052391,JFK/UMass,MBTA Station,42bff5
71151,42.348949,-71.095169,Kenmore,MBTA Station,42bff5
70072,42.362434,-71.085591,Kendall/MIT,MBTA Station,42bff5
70216,42.343927,-71.114569,Kent Street,MBTA Station,42bff5
70107,42.34024,-71.166849,Boston College,MBTA Station,42bff5
70210,42.370911,-71.077095,Lechmere,MBTA Station,42bff5
70248,42.336217,-71.099328,Longwood Medical Area,MBTA Station,42bff5
70183,42.341143,-71.110447,Longwood,MBTA Station,42bff5
70013,42.341512,-71.083423,Massachusetts Avenue,MBTA Station,42bff5
70276,42.267498,-71.091983,Mattapan,MBTA Station,42bff5
70246,42.338017,-71.094682,Museum of Fine Arts,MBTA Station,42bff5
70268,42.270275,-71.067666,Milton,MBTA Station,42bff5
70254,42.333092,-71.10968,Mission Park,MBTA Station,42bff5
70035,42.426632,-71.07411,Malden Center,MBTA Station,42bff5
70046,42.369119,-71.03953,Maverick,MBTA Station,42bff5
70169,42.321734,-71.206118,Newton Highlands,MBTA Station,42bff5
70171,42.329393,-71.19243,Newton Centre,MBTA Station,42bff5
70206,42.365577,-71.06129,North Station,MBTA Station,42bff5
70098,42.275275,-71.029583,North Quincy,MBTA Station,42bff5
70244,42.340222,-71.0892,Northeastern University,MBTA Station,42bff5
70036,42.43668,-71.071097,Oak Grove,MBTA Station,42bff5
70052,42.386867,-71.004736,Orient Heights,MBTA Station,42bff5
71199,42.356395,-71.062424,Park Street,MBTA Station,42bff5
70139,42.351566,-71.119281,Pleasant Street,MBTA Station,42bff5
70066,42.3884,-71.119149,Porter,MBTA Station,42bff5
70240,42.34557,-71.081696,Prudential,MBTA Station,42bff5
70104,42.233391,-71.007153,Quincy Adams,MBTA Station,42bff5
70102,42.251809,-71.005409,Quincy Center,MBTA Station,42bff5
70058,42.407843,-70.992533,Revere Beach,MBTA Station,42bff5
70009,42.331397,-71.095451,Roxbury Crossing,MBTA Station,42bff5
70161,42.337321,-71.252357,Riverside,MBTA Station,42bff5
70175,42.334954,-71.149079,Reservoir,MBTA Station,42bff5
70011,42.336377,-71.088961,Ruggles,MBTA Station,42bff5
70256,42.331871,-71.111961,Riverway,MBTA Station,42bff5
70005,42.317062,-71.104248,Stony Brook,MBTA Station,42bff5
70054,42.390501,-70.997123,Suffolk Downs,MBTA Station,42bff5
70088,42.31129,-71.053331,Savin Hill,MBTA Station,42bff5
70212,42.346007,-71.107166,Saint Marys Street,MBTA Station,42bff5
70092,42.293126,-71.065738,Shawmut,MBTA Station,42bff5
70111,42.339581,-71.157499,South Street,MBTA Station,42bff5
70208,42.366664,-71.067666,Science Park/West End,MBTA Station,42bff5
70080,42.352271,-71.055242,South Station,MBTA Station,42bff5
70042,42.358978,-71.057598,State,MBTA Station,42bff5
70117,42.341577,-71.146607,Sutherland Road,MBTA Station,42bff5
70141,42.351241,-71.116531,Saint Paul Street,MBTA Station,42bff5
70031,42.383975,-71.076994,Sullivan Square,MBTA Station,42bff5
70224,42.341027,-71.125759,Summit Avenue,MBTA Station,42bff5
70242,42.342687,-71.085056,Symphony,MBTA Station,42bff5
70231,42.338498,-71.138731,Tappan Street,MBTA Station,42bff5
70016,42.349662,-71.063917,Tufts Medical Center,MBTA Station,42bff5
70272,42.268277,-71.081544,Valley Road,MBTA Station,42bff5
70164,42.325899,-71.230805,Waban,MBTA Station,42bff5
70120,42.344329,-71.142385,Washington Street,MBTA Station,42bff5
70032,42.40237,-71.077082,Wellington,MBTA Station,42bff5
70049,42.37964,-71.022865,Wood Island,MBTA Station,42bff5
70099,42.266514,-71.020337,Wollaston,MBTA Station,42bff5
70059,42.413513,-70.991737,Wonderland,MBTA Station,42bff5
70162,42.333339,-71.244333,Woodland,MBTA Station,42bff5
70124,42.348285,-71.140436,Warren Street,MBTA Station,42bff5
